<?xml version="1.0" encoding="UTF-8"?>
<project-private xmlns="http://www.netbeans.org/ns/project-private/1">
    <editor-bookmarks xmlns="http://www.netbeans.org/ns/editor-bookmarks/2" lastBookmarkId="0"/>
    <open-files xmlns="http://www.netbeans.org/ns/projectui-open-files/2">
        <group>
            <file>file:/C:/xampp/htdocs/gizi/admin/page/dasboard.php</file>
            <file>file:/C:/xampp/htdocs/gizi/admin/js/chart-data.js</file>
            <file>file:/C:/xampp/htdocs/gizi/admin/page/loghitung.php</file>
            <file>file:/C:/xampp/htdocs/gizi/admin/page/menu.php</file>
            <file>file:/C:/xampp/htdocs/gizi/admin/page/chart.php</file>
            <file>file:/C:/xampp/htdocs/gizi/admin/index.php</file>
            <file>file:/C:/xampp/htdocs/gizi/login.php</file>
            <file>file:/C:/xampp/htdocs/gizi/admin/page/users.php</file>
            <file>file:/C:/xampp/htdocs/gizi/page/kalkulatorkalori.php</file>
            <file>file:/C:/xampp/htdocs/gizi/index.php</file>
            <file>file:/C:/xampp/htdocs/gizi/admin/footer.php</file>
            <file>file:/C:/xampp/htdocs/gizi/sistem.php</file>
        </group>
    </open-files>
</project-private>
